Bank name,Current EPS (Rs.),Forecast EPS (2024) (Rs.),Forecast Growth (%)
Bank of Maharashtra,3.87,11.442442626291829,195.67035210056406
BoB,27.28,28.00747744444446,2.666706174649791
BoI,9.8,16.565431239083694,69.03501264371114
CBI,1.82,9.921950363955217,445.1621079096273
Canara,58.45,25.032729317460323,-57.172404931633324
IOB,1.15,9.722202650044515,745.4089260908274
Indian Bank,42.41,28.86597701587304,-31.935918378040462
PNB,2.28,5.3829067227574035,136.09240012093875
Punjab Sind,1.94,9.45426560283283,387.3332784965377
SBI,56.29,28.400334063492085,-49.54639533932832
Uco,1.56,9.848332624728808,531.3033733800518
Union,12.34,27.61863782539684,123.81392078927745
