pct_tl_open_L6M,pct_tl_closed_L6M,Tot_TL_closed_L12M,pct_tl_closed_L12M,Tot_Missed_Pmnt,CC_TL,Home_TL,PL_TL,Secured_TL,Unsecured_TL,Other_TL,Age_Oldest_TL,Age_Newest_TL,time_since_recent_payment,max_recent_level_of_deliq,num_deliq_6_12mts,num_times_60p_dpd,num_std_12mts,num_sub,num_sub_6mts,num_sub_12mts,num_dbt,num_dbt_12mts,num_lss,recent_level_of_deliq,CC_enq_L12m,PL_enq_L12m,time_since_recent_enq,enq_L3m,NETMONTHLYINCOME,Time_With_Curr_Empr,CC_Flag,PL_Flag,pct_PL_enq_L6m_of_ever,pct_CC_enq_L6m_of_ever,HL_Flag,GL_Flag,MARITALSTATUS,EDUCATION,GENDER,last_prod_enq2,first_prod_enq2,Predicted_Tier,Prob_P1,Prob_P2,Prob_P3,Prob_P4
0.0,0.0,0,0.0,0,0,0,4,1,4,0,72,18,549,29,0,0,11,0,0,0,0,0,0,29,0,0,566,0,51000,114,0,1,0.0,0.0,1,0,Married,12TH,M,PL,PL,P2,0.31211665,0.4242622,0.24488595,0.018735183
0.0,0.0,0,0.0,0,0,0,0,0,1,0,7,7,47,0,0,0,0,0,0,0,0,0,0,0,0,0,209,0,19000,50,0,0,0.0,0.0,0,0,Single,GRADUATE,F,ConsumerLoan,ConsumerLoan,P2,0.0008304924,0.94950014,0.048119564,0.0015497555
0.125,0.0,0,0.0,1,0,0,0,2,6,0,47,2,302,25,8,0,10,0,0,0,0,0,0,25,0,0,587,0,18,191,0,0,0.0,0.0,1,0,Married,SSC,M,ConsumerLoan,others,P2,0.1337089,0.6737391,0.17956135,0.01299066
0.0,0.0,0,0.0,0,0,0,0,3,0,2,131,32,583,0,0,0,16,0,0,0,0,0,0,0,0,0,3951,0,15000,75,0,0,0.0,0.0,0,0,Married,POST-GRADUATE,M,AL,AL,P1,0.99798775,0.0003715262,0.0016212068,1.9564344e-05
0.0,0.0,1,0.167,0,0,0,0,6,0,0,150,17,245,270,0,11,2,3,0,1,0,0,0,26,1,3,7,4,0,154,0,0,0.429,0.0,1,0,Married,12TH,M,ConsumerLoan,PL,P2,0.029103916,0.41724238,0.23449849,0.31915522
0.0,0.0,2,0.333,0,0,0,0,6,0,5,36,8,74,133,0,2,4,0,0,0,0,0,0,133,0,0,2,1,27000,126,0,0,0.0,0.0,0,0,Married,UNDER GRADUATE,M,ConsumerLoan,others,P3,0.0029505594,0.18639152,0.50337535,0.30728257
0.0,0.0,0,0.0,0,0,0,0,1,0,0,16,16,424,38,1,1,0,0,0,0,0,0,0,38,0,0,108,0,18000,122,0,0,0.0,0.0,0,0,Married,SSC,F,ConsumerLoan,others,P3,0.00047851208,0.16466363,0.5172704,0.31758744
0.143,0.0,1,0.143,0,1,0,2,2,5,0,64,5,35,0,0,0,0,0,0,0,0,0,0,0,1,0,87,1,20000,95,1,1,0.0,0.333,0,0,Single,GRADUATE,M,CC,others,P2,0.35195044,0.5293138,0.1176229,0.0011128691
0.0,0.0,0,0.0,0,0,0,0,2,0,1,49,49,1037,31,0,0,10,0,0,0,0,0,0,31,0,0,3,1,55000,126,0,0,0.0,0.0,0,0,Married,SSC,M,ConsumerLoan,others,P3,0.0065070423,0.25085026,0.44159025,0.30105242
0.5,0.0,1,0.5,0,0,0,0,0,2,0,16,5,46,0,0,0,0,0,0,0,0,0,0,0,0,0,164,0,25000,125,0,0,0.0,0.0,0,0,Married,SSC,M,ConsumerLoan,ConsumerLoan,P2,0.0011338326,0.88528746,0.11227363,0.0013050837
0.0,0.0,0,0.0,0,0,0,0,1,0,0,38,38,395,0,0,0,0,0,0,0,0,0,0,0,0,0,1135,0,30000,154,0,0,0.0,0.0,0,0,Married,12TH,M,others,others,P2,0.016314752,0.9116112,0.07009782,0.0019762674
0.875,0.125,1,0.125,2,1,0,0,1,7,1,9,1,42,0,0,0,0,0,0,0,0,0,0,0,1,1,46,5,25000,245,1,0,1.0,1.0,0,0,Married,12TH,M,ConsumerLoan,others,P4,5.26745e-05,0.00072191155,0.036919832,0.96230555
0.0,0.0,0,0.0,0,0,0,0,0,1,1,7,7,42,0,0,0,0,0,0,0,0,0,0,0,0,0,234,0,30000,121,0,0,0.0,0.0,0,0,Married,SSC,M,others,others,P2,0.000961137,0.9591464,0.038519032,0.0013734662
0.143,0.0,1,0.143,0,0,0,0,5,2,5,138,3,80,89,1,1,12,0,0,0,0,0,0,22,0,0,1679,0,48000,126,0,0,0.0,0.0,1,0,Married,UNDER GRADUATE,M,others,others,P1,0.966122,0.022638323,0.010865519,0.00037416499
0.0,0.0,0,0.0,0,0,0,0,0,1,0,8,8,45,14,1,0,0,0,0,0,0,0,0,14,0,0,35,1,65000,129,0,0,0.0,0.0,0,0,Married,SSC,M,others,ConsumerLoan,P3,0.0006540506,0.13534436,0.669208,0.1947936
0.0,0.2,1,0.2,1,0,0,1,3,2,0,92,10,51,15,1,0,0,0,0,0,0,0,0,15,0,2,200,0,64000,35,0,1,0.0,0.0,0,0,Married,UNDER GRADUATE,F,PL,others,P2,0.19568463,0.59506714,0.1915635,0.017684752
0.0,1.0,1,1.0,0,0,0,0,1,0,0,40,40,97,0,0,0,0,0,0,0,0,0,0,0,0,0,3,1,15000,60,0,0,0.0,0.0,0,0,Single,GRADUATE,M,ConsumerLoan,others,P2,0.0017422385,0.6048232,0.38741693,0.0060177175
0.0,0.0,1,0.333,0,0,0,0,1,2,3,51,10,77,0,0,0,22,0,0,0,0,0,0,0,0,0,293,0,30000,121,0,0,0.0,0.0,0,0,Single,12TH,M,others,others,P1,0.9558955,0.030255964,0.013752382,9.622136e-05
0.0,0.0,0,0.0,0,1,0,0,0,1,0,59,59,1341,190,2,8,0,0,0,0,0,0,0,190,1,0,58,1,20000,39,1,0,0.0,0.5,0,0,Single,12TH,M,CC,others,P4,0.00068770646,0.05262755,0.34214243,0.6045423
0.091,0.091,1,0.091,2,0,0,0,9,2,1,37,3,76,0,0,0,2,0,0,0,0,0,0,0,0,1,156,0,10000,23,0,0,1.0,0.0,1,0,Married,12TH,F,PL,others,P2,0.010121117,0.65370226,0.32663098,0.00954567
0.048,0.048,3,0.071,3,0,1,0,35,7,15,159,4,88,183,0,1,43,0,0,0,0,0,0,183,0,0,366,0,25000,101,0,0,0.0,0.0,1,1,Married,SSC,F,HL,HL,P1,0.99524564,0.0018235262,0.0025448368,0.00038595672
0.667,0.0,0,0.0,2,0,0,0,0,3,1,10,2,77,0,0,0,0,0,0,0,0,0,0,0,1,0,71,1,50000,80,0,0,0.0,0.0,0,0,Single,GRADUATE,M,others,CC,P2,0.000782152,0.5882491,0.40202385,0.008944861
0.3,0.0,2,0.2,2,1,2,0,5,5,2,38,2,68,25,2,0,11,0,0,0,0,0,0,25,1,3,60,2,50000,64,1,0,0.667,1.0,0,1,Single,POST-GRADUATE,M,others,others,P3,0.007329163,0.40345544,0.48497865,0.10423673
0.5,0.0,0,0.0,0,0,0,0,2,2,0,47,2,34,0,0,0,6,0,0,0,0,0,0,0,0,0,1,10,21000,182,0,0,0.0,0.0,0,0,Married,SSC,M,ConsumerLoan,others,P4,0.0059578023,0.03007172,0.02393506,0.9400354
0.4,0.2,1,0.2,2,0,0,0,0,5,0,20,3,75,0,0,0,0,0,0,0,0,0,0,0,0,0,149,0,18000,217,0,0,0.0,0.0,0,0,Married,12TH,M,HL,ConsumerLoan,P2,0.0021297606,0.89839435,0.09840882,0.0010670639
1.0,0.0,0,0.0,0,0,0,0,0,1,0,4,4,76,0,0,0,0,0,0,0,0,0,0,0,0,0,16,2,15000,63,0,0,0.0,0.0,0,0,Single,GRADUATE,M,ConsumerLoan,others,P3,0.00035328834,0.1380836,0.75098765,0.11057543
0.0,0.0,0,0.0,1,0,0,0,1,1,2,26,7,99,0,0,0,6,0,0,0,0,0,0,0,0,0,207,0,12000,40,0,0,0.0,0.0,0,0,Married,SSC,M,others,others,P2,0.029777996,0.9038749,0.065348625,0.0009984617
0.0,0.0,0,0.0,0,0,0,0,1,0,0,19,19,48,0,0,0,0,0,0,0,0,0,0,0,0,0,581,0,30000,62,0,0,0.0,0.0,0,0,Married,GRADUATE,M,others,others,P2,0.002565617,0.94969636,0.046865106,0.00087287807
0.429,0.143,1,0.143,0,2,0,1,1,6,0,41,4,33,0,0,0,0,0,0,0,0,0,0,0,3,6,3,3,25000,62,1,1,0.833,1.0,0,0,Married,GRADUATE,F,PL,others,P3,0.0009844573,0.14444096,0.69618666,0.15838787
0.0,0.0,0,0.0,0,0,0,0,6,5,5,73,11,341,0,0,0,11,0,0,0,0,0,0,0,0,0,53,1,55000,231,0,0,0.0,0.0,1,0,Married,OTHERS,M,ConsumerLoan,ConsumerLoan,P1,0.660124,0.27800095,0.06150053,0.00037454444
0.0,0.0,1,1.0,0,0,0,0,1,0,0,45,45,277,0,0,0,0,0,0,0,0,0,0,0,0,0,9,5,40000,130,0,0,0.0,0.0,0,0,Married,12TH,M,ConsumerLoan,others,P4,0.00088012486,0.020245913,0.31074825,0.6681257
0.0,0.5,1,0.5,0,0,0,1,1,1,0,32,27,92,0,0,0,0,0,0,0,0,0,0,0,0,0,821,0,25000,300,0,1,0.0,0.0,0,0,Married,SSC,M,others,others,P2,0.00611193,0.94062155,0.05220726,0.0010592847
0.0,0.0,0,0.0,0,0,0,0,0,1,0,10,10,105,0,0,0,0,0,0,0,0,0,0,0,0,2,79,1,15000,125,0,0,1.0,0.0,0,0,Married,GRADUATE,M,PL,others,P3,0.00044777335,0.17816079,0.61598265,0.20540874
0.0,0.0,0,0.0,0,0,0,0,1,0,0,49,49,875,60,0,0,0,0,0,0,0,0,0,60,0,0,1481,0,13000,244,0,0,0.0,0.0,0,0,Married,12TH,M,others,others,P3,0.0048473747,0.22813097,0.5932084,0.17381327
0.0,0.0,0,0.0,0,0,0,0,0,5,3,33,12,53,4,0,0,10,0,0,0,0,0,0,4,0,0,1,2,45000,181,0,0,0.0,0.0,0,0,Married,POST-GRADUATE,M,ConsumerLoan,ConsumerLoan,P3,0.009011814,0.4103578,0.44464248,0.13598791
0.583,0.333,5,0.417,3,1,0,7,2,10,0,48,2,80,9,0,0,6,0,0,0,0,0,0,9,1,13,49,5,20000,70,1,1,0.615,1.0,0,0,Married,GRADUATE,M,CC,others,P4,0.00046471445,0.00646436,0.14304455,0.8500264
0.0,0.0,0,0.0,0,0,0,0,0,1,0,8,8,101,0,0,0,0,0,0,0,0,0,0,0,0,1,232,0,12000,191,0,0,0.0,0.0,0,0,Married,12TH,M,PL,others,P2,0.0011060754,0.94311947,0.053147975,0.0026264514
0.0,0.5,1,0.5,0,0,0,0,0,2,0,18,7,40,7,0,0,0,0,0,0,0,0,0,7,0,0,64,4,18000,105,0,0,0.0,0.0,0,0,Married,UNDER GRADUATE,F,ConsumerLoan,ConsumerLoan,P4,0.00014315387,0.00793721,0.21493444,0.77698517
0.714,0.286,2,0.286,2,0,0,2,4,3,5,60,2,83,0,0,0,2,0,0,0,0,0,0,0,1,5,1,3,18000,25,0,1,1.0,1.0,0,0,Married,UNDER GRADUATE,M,ConsumerLoan,PL,P2,0.0031740891,0.54341274,0.37183198,0.08158113
0.0,0.0,0,0.0,0,0,0,0,1,0,0,14,14,56,0,0,0,0,0,0,0,0,0,0,0,0,0,422,0,17000,50,0,0,0.0,0.0,0,0,Single,UNDER GRADUATE,M,others,others,P2,0.0010546069,0.9525576,0.04539633,0.000991494
0.5,0.0,0,0.0,1,0,0,0,1,3,3,83,5,64,478,0,5,0,0,0,0,0,0,0,478,0,1,9,2,25000,182,0,0,1.0,0.0,0,0,Married,12TH,M,ConsumerLoan,others,P4,0.0028417918,0.17934026,0.1998948,0.6179232
0.5,0.0,0,0.0,1,0,0,0,2,0,1,59,3,1084,90,0,4,0,0,0,0,0,0,0,90,0,0,83,2,30000,190,0,0,0.0,0.0,0,0,Married,GRADUATE,M,others,others,P3,0.002227915,0.09123512,0.49765676,0.40888017
0.0,0.0,0,0.0,0,0,0,0,1,0,0,44,44,518,23,0,0,0,0,0,0,0,0,0,23,0,0,1344,0,16000,13,0,0,0.0,0.0,0,0,Single,SSC,M,others,others,P3,0.0044283415,0.17661244,0.5268916,0.29206765
0.667,0.667,2,0.667,0,0,0,1,1,2,0,16,4,81,0,0,0,1,0,0,0,0,0,0,0,0,4,17,2,15000,30,0,1,1.0,0.0,0,0,Single,GRADUATE,M,ConsumerLoan,others,P3,0.00024132655,0.07068262,0.518329,0.41074708
0.6,0.0,0,0.0,1,0,0,2,0,5,1,24,5,62,0,0,0,0,0,0,0,0,0,0,0,0,3,19,4,35000,110,0,1,0.75,0.0,0,0,Single,UNDER GRADUATE,M,PL,ConsumerLoan,P4,0.00016240084,0.0071017607,0.3173038,0.675432
0.0,0.0,0,0.0,0,0,0,2,0,2,0,9,8,46,0,0,0,15,0,0,0,0,0,0,0,0,1,263,0,20000,122,0,1,0.0,0.0,0,0,Married,12TH,M,PL,PL,P2,0.21042317,0.62788707,0.15943024,0.0022594635
0.111,0.111,2,0.222,0,0,0,0,0,9,6,42,6,84,16,0,0,6,0,0,0,0,0,0,16,0,1,184,0,10000,37,0,0,0.0,0.0,0,0,Single,UNDER GRADUATE,F,PL,ConsumerLoan,P2,0.03432293,0.48541495,0.3966197,0.08364238
0.0,0.0,0,0.0,0,0,0,1,1,2,1,24,8,113,0,0,0,22,0,0,0,0,0,0,0,0,1,241,0,28000,150,0,1,0.0,0.0,0,0,Married,GRADUATE,M,PL,PL,P1,0.7909333,0.14360702,0.064533934,0.0009257539
0.0,0.0,0,0.0,0,0,0,0,1,2,0,11,8,74,0,0,0,7,0,0,0,0,0,0,0,0,1,51,1,20000,56,0,0,0.0,0.0,0,0,Single,12TH,M,ConsumerLoan,others,P2,0.004577126,0.74406195,0.24266645,0.008694519
0.0,0.0,0,0.0,0,0,0,0,1,0,0,40,40,614,0,0,0,0,0,0,0,0,0,0,0,0,0,3,1,51000,145,0,0,0.0,0.0,0,0,Single,12TH,M,ConsumerLoan,others,P2,0.0018800504,0.6081621,0.3827845,0.007173333
0.0,0.556,5,0.556,0,0,0,1,1,8,2,39,9,54,0,0,0,0,0,0,0,0,0,0,0,0,0,267,0,20000,98,0,1,0.0,0.0,0,0,Married,12TH,F,others,others,P2,0.02980327,0.9105704,0.05810645,0.0015199231
0.0,0.0,1,0.5,0,0,0,0,1,1,0,33,9,56,0,0,0,0,0,0,0,0,0,0,0,0,0,272,0,15000,41,0,0,0.0,0.0,0,0,Single,12TH,M,ConsumerLoan,others,P2,0.006524356,0.93222046,0.059874583,0.0013806622
0.0,0.5,1,0.5,0,0,0,0,1,1,0,24,16,55,0,0,0,0,0,0,0,0,0,0,0,0,0,467,0,7000,102,0,0,0.0,0.0,0,0,Married,SSC,F,ConsumerLoan,others,P2,0.0026707277,0.9413378,0.05497931,0.0010121381
0.0,0.0,0,0.0,0,0,0,1,1,1,0,40,10,287,0,0,0,9,0,0,0,0,0,0,0,0,1,315,0,25000,66,0,1,0.0,0.0,0,0,Married,POST-GRADUATE,M,PL,others,P2,0.38476837,0.54261,0.07167694,0.00094475993
0.0,0.0,0,0.0,0,0,0,0,1,0,0,7,7,161,0,0,0,0,0,0,0,0,0,0,0,0,0,9,2,25000,27,0,0,0.0,0.0,0,0,Married,SSC,M,ConsumerLoan,others,P3,0.00034506497,0.22932784,0.6804253,0.08990179
0.0,0.0,0,0.0,1,0,0,0,1,2,1,12,11,89,0,0,0,0,0,0,0,0,0,0,0,0,0,8,1,30000,65,0,0,0.0,0.0,0,0,Married,GRADUATE,F,ConsumerLoan,others,P3,0.00041824405,0.4775161,0.51360315,0.0084624505
0.0,1.0,1,1.0,0,0,0,0,1,0,0,27,27,112,0,0,0,0,0,0,0,0,0,0,0,0,0,811,0,20000,122,0,0,0.0,0.0,0,0,Married,GRADUATE,M,others,others,P2,0.0052676257,0.9434017,0.050513413,0.0008172597
0.0,0.0,0,0.0,0,0,0,0,2,0,0,70,13,67,0,0,0,0,0,0,0,0,0,0,0,0,0,35,1,20000,13,0,0,0.0,0.0,0,0,Married,GRADUATE,M,others,others,P2,0.12892334,0.6030343,0.26618978,0.0018525856
1.0,0.0,0,0.0,0,0,0,0,0,1,0,6,6,59,0,0,0,0,0,0,0,0,0,0,0,0,0,181,0,20000,44,0,0,0.0,0.0,0,0,Single,SSC,M,ConsumerLoan,ConsumerLoan,P2,0.0008844394,0.8644702,0.13284762,0.0017977088
0.038,0.0,0,0.0,0,0,0,0,25,1,0,59,5,100,26,0,0,0,0,0,0,0,0,0,26,1,6,12,7,40900,129,0,0,0.667,0.5,1,0,Married,GRADUATE,M,ConsumerLoan,ConsumerLoan,P4,2.4992507e-05,0.0006842229,0.006215266,0.9930755
0.25,0.0,0,0.0,0,0,0,1,3,1,3,76,3,56,0,0,0,10,0,0,0,0,0,0,0,0,0,411,0,65000,181,0,1,0.0,0.0,0,0,Married,12TH,M,PL,HL,P1,0.9502913,0.038935732,0.010705443,6.757449e-05
0.5,0.0,0,0.0,0,0,0,0,2,0,0,7,4,22,2,0,0,0,0,0,0,0,0,0,2,0,0,1,1,20000,263,0,0,0.0,0.0,0,0,Married,SSC,F,others,ConsumerLoan,P3,0.00068813603,0.20221236,0.5468252,0.2502743
0.0,0.0,0,0.0,0,0,0,0,0,3,1,115,7,35,0,0,0,1,5,0,0,0,0,0,0,0,0,322,0,20000,101,0,0,0.0,0.0,0,0,Married,GRADUATE,M,others,others,P1,0.95935524,0.030854603,0.009670349,0.000119861084
0.3,0.2,2,0.2,2,0,0,0,0,10,1,19,2,56,0,0,0,0,0,0,0,0,0,0,0,1,0,84,1,15500,64,0,0,0.0,1.0,0,0,Single,GRADUATE,M,ConsumerLoan,ConsumerLoan,P2,0.001991477,0.84171313,0.15279055,0.0035048441
0.0,0.0,1,0.25,0,0,0,0,1,3,1,66,8,102,0,0,0,0,0,0,0,0,0,0,0,0,0,243,0,50000,54,0,0,0.0,0.0,0,0,Married,SSC,M,ConsumerLoan,others,P2,0.4065823,0.5448196,0.047999915,0.00059819
0.0,0.0,0,0.0,0,0,0,0,0,2,0,14,10,137,0,0,0,0,0,0,0,0,0,0,0,0,0,410,0,13000,42,0,0,0.0,0.0,0,0,Married,SSC,M,others,others,P2,0.0013560695,0.9517504,0.045764174,0.0011294071
0.333,0.0,0,0.0,0,1,0,0,1,2,0,70,5,73,8,2,0,0,0,0,0,0,0,0,8,0,2,169,0,20000,113,1,0,1.0,0.0,0,0,Married,GRADUATE,M,PL,others,P2,0.013673062,0.46708322,0.42805797,0.091185756
0.0,0.0,0,0.0,1,0,0,0,2,0,1,20,10,71,0,0,0,5,0,0,0,0,0,0,0,0,0,614,0,15000,47,0,0,0.0,0.0,0,0,Married,SSC,F,others,others,P2,0.04424701,0.87008727,0.08458171,0.0010839584
0.0,0.0,0,0.0,0,0,0,0,1,0,0,8,8,57,0,0,0,0,0,0,0,0,0,0,0,0,0,247,0,19000,123,0,0,0.0,0.0,0,0,Married,SSC,M,others,others,P2,0.0009168692,0.9579433,0.03964637,0.0014934392
0.0,0.0,0,0.0,0,0,0,0,1,0,0,6,6,75,0,0,0,0,0,0,0,0,0,0,0,0,0,208,0,9000,33,0,0,0.0,0.0,0,0,Married,SSC,M,others,others,P2,0.00091819145,0.9529506,0.044839654,0.0012914827
0.0,0.0,0,0.0,0,0,0,0,0,2,1,14,14,233,0,0,0,0,0,0,0,0,0,0,0,0,0,418,0,14500,68,0,0,0.0,0.0,0,0,Single,12TH,M,others,others,P2,0.0011542089,0.94797254,0.04965871,0.0012145966
0.0,1.0,1,1.0,0,0,0,0,1,0,0,26,26,50,20,0,0,0,0,0,0,0,0,0,20,0,0,6,1,33000,306,0,0,0.0,0.0,0,0,Married,12TH,M,ConsumerLoan,others,P3,0.00038869545,0.11026693,0.47090772,0.41843665
0.091,0.091,4,0.364,0,0,0,0,4,7,1,49,3,18,3,0,0,16,0,0,0,0,0,0,3,0,2,90,1,25000,42,0,0,0.5,0.0,0,0,Single,GRADUATE,M,others,others,P2,0.19963576,0.5201312,0.23116146,0.04907164
0.667,0.333,1,0.333,1,0,0,0,0,3,2,48,2,72,0,0,0,0,0,0,0,0,0,0,0,0,0,158,0,25000,128,0,0,0.0,0.0,0,0,Married,SSC,M,others,others,P2,0.08347831,0.82292444,0.09243732,0.0011599335
0.0,0.0,0,0.0,0,0,0,3,2,3,0,47,14,63,92,0,1,0,0,0,0,0,0,0,92,0,0,7,1,43000,131,0,1,0.0,0.0,1,0,Married,GRADUATE,M,ConsumerLoan,PL,P4,0.0011896217,0.11935153,0.31132555,0.56813335
0.5,0.0,0,0.0,1,0,0,0,1,3,3,40,6,93,0,0,0,0,0,0,0,0,0,0,0,0,0,191,0,20000,95,0,0,0.0,0.0,0,0,Married,12TH,M,others,ConsumerLoan,P2,0.022292059,0.90873116,0.067585796,0.0013910003
0.5,0.5,1,0.5,1,0,0,2,0,2,0,12,4,370,0,0,0,12,0,0,0,0,0,0,0,0,1,114,0,12,306,0,1,0.333,0.0,0,0,Married,GRADUATE,M,PL,PL,P2,0.0877137,0.61999214,0.28696445,0.005329712
0.571,0.0,0,0.0,2,0,0,1,1,6,2,46,3,72,0,0,0,0,0,0,0,0,0,0,0,0,2,148,0,40000,130,0,1,0.0,0.0,0,0,Married,12TH,F,others,others,P2,0.023132997,0.8713533,0.103722565,0.0017911373
0.0,0.0,0,0.0,0,0,0,1,1,3,0,60,40,296,25,0,4,0,0,0,0,0,0,0,25,0,0,1160,0,23000,181,0,1,0.0,0.0,0,0,Married,SSC,M,ConsumerLoan,others,P3,0.01179938,0.37641278,0.43783215,0.17395575
0.0,0.0,1,0.25,0,0,0,0,3,1,3,93,18,271,2,1,0,5,0,0,0,0,0,0,2,0,0,17,1,30000,101,0,0,0.0,0.0,1,0,Single,12TH,M,ConsumerLoan,others,P2,0.12081226,0.6704965,0.19092837,0.017762886
0.125,0.25,3,0.375,0,0,0,0,8,0,0,56,4,52,30,1,1,0,0,0,0,0,0,0,30,0,0,135,0,40000,110,0,0,0.0,0.0,0,0,Married,GRADUATE,M,AL,others,P2,0.015208332,0.509783,0.42569607,0.049312606
0.13,0.13,4,0.174,2,0,0,1,19,4,16,61,1,20,58,1,0,41,0,0,0,0,0,0,58,0,0,4,6,35000,128,0,1,0.0,0.0,1,0,Married,GRADUATE,M,ConsumerLoan,ConsumerLoan,P1,0.71969616,0.13305649,0.068011776,0.079235554
0.375,0.0,0,0.0,3,0,0,1,1,7,2,113,3,75,0,0,0,0,0,0,0,0,0,0,0,0,2,73,2,25000,78,0,1,0.0,0.0,0,0,Married,GRADUATE,M,others,others,P1,0.60329163,0.28555897,0.10704428,0.004105126
0.0,0.0,0,0.0,0,0,0,0,6,0,0,67,42,100,0,0,0,0,0,0,0,0,0,0,0,0,0,1248,0,38500,167,0,0,0.0,0.0,1,0,Married,UNDER GRADUATE,M,AL,AL,P1,0.49802503,0.41971666,0.081428126,0.0008301976
0.0,0.0,0,0.0,0,0,0,0,1,0,0,42,42,705,0,0,0,0,0,0,0,0,0,0,0,0,0,1,1,34200,74,0,0,0.0,0.0,0,0,Single,GRADUATE,M,ConsumerLoan,others,P2,0.0020027575,0.6122877,0.37652302,0.009186554
1.0,1.0,1,1.0,0,0,0,0,1,0,0,5,5,90,0,0,0,2,0,0,0,0,0,0,0,2,1,64,4,19000,107,0,0,1.0,1.0,1,0,Married,POST-GRADUATE,M,CC,others,P4,8.047909e-05,0.0032332954,0.20903653,0.7876497
1.0,0.0,0,0.0,0,0,0,0,0,1,1,5,5,51,0,0,0,4,0,0,0,0,0,0,0,0,1,85,1,11500,65,0,0,1.0,0.0,0,0,Married,OTHERS,M,PL,others,P3,0.00074363116,0.22518736,0.64310485,0.13096419
0.0,0.0,2,0.167,0,0,0,0,10,2,3,191,24,215,139,0,2,0,0,0,0,11,0,0,139,0,1,170,0,14300,29,0,0,0.0,0.0,1,0,Married,GRADUATE,M,ConsumerLoan,HL,P1,0.7640537,0.07547319,0.1408973,0.019575866
0.286,0.286,2,0.286,2,0,0,0,0,7,0,39,3,392,0,0,0,0,0,0,0,0,0,0,0,0,0,632,0,15000,66,0,0,0.0,0.0,0,0,Married,GRADUATE,M,ConsumerLoan,PL,P2,0.044306125,0.8854982,0.06891417,0.0012815334
1.0,0.0,0,0.0,0,0,0,0,0,1,1,4,4,16,0,0,0,4,0,0,0,0,0,0,0,0,4,210,0,25000,100,0,0,0.0,0.0,0,0,Single,12TH,M,PL,PL,P2,0.0025547177,0.9452028,0.050162435,0.0020800568
0.0,0.0,0,0.0,0,0,0,0,0,1,1,76,76,1492,0,0,0,0,0,0,0,0,0,0,0,0,0,233,0,28000,126,0,0,0.0,0.0,0,0,Married,GRADUATE,M,others,others,P2,0.11730421,0.78574693,0.09442505,0.0025238795
0.0,0.0,1,0.333,0,0,1,0,3,0,0,65,9,113,26,2,0,0,0,0,0,0,0,0,24,0,0,495,0,35000,61,0,0,0.0,0.0,0,1,Married,GRADUATE,M,AL,AL,P2,0.07583362,0.6092833,0.30157986,0.013303216
0.0,0.0,0,0.0,0,0,0,0,1,0,0,16,16,41,0,0,0,0,0,0,0,0,0,0,0,0,0,469,0,30000,150,0,0,0.0,0.0,0,0,Single,12TH,M,others,others,P2,0.0012956238,0.95241624,0.045397602,0.0008904938
0.125,0.0,0,0.0,1,0,0,1,4,4,0,56,2,57,60,0,0,0,0,0,0,0,0,0,60,0,3,57,2,15000,54,0,1,0.667,0.0,1,0,Married,GRADUATE,M,PL,AL,P4,0.0004213392,0.05859941,0.2912733,0.649706
0.714,0.571,4,0.571,0,1,0,3,3,4,2,7,2,49,0,0,0,1,0,0,0,0,0,0,0,2,3,6,7,23000,33,1,1,0.0,1.0,1,0,Single,12TH,M,ConsumerLoan,ConsumerLoan,P4,0.00019691844,0.0060266377,0.026053717,0.9677228
0.0,0.0,0,0.0,0,0,0,1,1,5,2,43,8,68,60,0,0,11,0,0,0,0,0,0,60,0,0,27,1,32000,107,0,1,0.0,0.0,0,0,Married,GRADUATE,M,ConsumerLoan,others,P3,0.024859462,0.35753614,0.5467088,0.07089555
0.222,0.0,2,0.222,0,0,0,0,1,8,0,76,3,39,0,0,0,0,0,0,0,0,0,0,0,0,0,21,1,15000,30,0,0,0.0,0.0,0,0,Married,12TH,M,ConsumerLoan,others,P2,0.11869007,0.6444493,0.23518206,0.0016786198
0.0,0.0,0,0.0,0,0,0,0,1,0,0,9,9,72,0,0,0,0,0,0,0,0,0,0,0,0,0,266,0,25000,62,0,0,0.0,0.0,0,0,Married,SSC,M,others,others,P2,0.0009794972,0.95725864,0.040295888,0.0014659876
0.0,1.0,1,1.0,0,0,0,0,1,0,0,29,29,176,0,0,0,0,0,0,0,0,0,0,0,0,0,796,0,25000,180,0,0,0.0,0.0,0,0,Married,12TH,M,others,others,P2,0.005162075,0.9380433,0.055691656,0.0011029338
0.5,0.0,0,0.0,0,0,0,0,1,1,0,12,4,61,0,0,0,7,0,0,0,0,0,0,0,0,1,2,1,27000,101,0,0,1.0,0.0,0,0,Married,OTHERS,M,others,others,P3,0.0019100101,0.35082576,0.5115761,0.13568813
