Bank name,Year,ROCE (%),CASA (%),Net Profit Margin (%),Operating Profit Margin (%),Return on Assets (%),Return on Equity / Networth (%),Net Interest Margin (X),Cost to Income (%),Interest Income/Total Assets (%),Non-Interest Income/Total Assets (%),Operating Profit/Total Assets (%),Operating Expenses/Total Assets (%),Interest Expenses/Total Assets (%),Face_value,Basic EPS (Rs.)
BoB,2023,1.91,39.47,15.74,4.55,0.96,14.36,2.83,37.409999999999997,6.14,0.68,0.27,1.68,3.3,2,27.28
BoB,2022,1.81,41.45,10.4,-6.02,0.56000000000000005,8.4600000000000009,2.5499999999999998,45.26,5.46,0.89,-0.32,1.69,2.91,2,14.06
BoB,2021,1.85,40.15,1.17,-16.36,7.0000000000000007E-2,1.07,2.4900000000000002,48.69,6.1,1.07,-0.99,1.77,3.6,2,1.78
BoB,2020,1.77,35.28,0.71,-12.85,0.04,0.76,2.37,43.13,6.56,0.89,-0.84,1.56,4.1900000000000004,2,1.36
BoB,2019,1.78,35.03,0.87,-11.77,0.05,0.94,2.36,43.41,6.37,0.8,-0.75,1.44,4,2,1.64
SBI,2023,1.59,42.66,15.12,4.0999999999999996,0.91,16.75,2.62,35.58,6.01,0.66,0.24,1.77,3.39,1,56.29
SBI,2022,1.42,44.51,11.49,-3.22,0.63,12.33,2.42,41,5.52,0.81,-0.17,1.87,3.1,1,35.49
SBI,2021,1.64,45.39,7.69,-8.6999999999999993,0.45,8.86,2.44,43.34,5.84,0.95,-0.5,1.82,3.4,1,22.87
SBI,2020,1.79,44.22,5.63,-11.94,0.36,6.95,2.48,42.57,6.51,1.1399999999999999,-0.77,1.9,4.0199999999999996,1,16.23
SBI,2019,3.35,45.74,0.35,-14.14,0.02,0.39,2.4,44.68,6.59,0.95,-0.93,1.89,4.1900000000000004,1,0.97
PNB,2023,1.57,41.99,2.94,-11.31,0.17,2.74,2.35,45.35,5.82,0.83,-0.65,1.64,3.46,2,2.2799999999999998
PNB,2022,1.61,46.55,4.6100000000000003,-11.83,0.26,3.9,2.1800000000000002,43.07,5.69,0.93,-0.67,1.54,3.51,2,3.16
PNB,2021,1.85,44.54,2.5,-13.36,0.16,2.41,2.41,44.1,6.4,1.01,-0.85,1.61,3.98,2,2.08
PNB,2020,1.8,42.97,0.62,-16.61,0.04,0.57999999999999996,2.09,41.81,6.47,1.1100000000000001,-1.07,1.44,4.37,2,0.62
PNB,2019,1.7,42.16,-19.440000000000001,-33.81,-1.28,-24.2,2.21,58.8,6.62,0.95,-2.23,1.48,4.4000000000000004,2,-30.94
CBI,2023,1.73,50.45,6.19,-9.7899999999999991,0.38,6.21,2.87,47.89,6.28,1,-0.61,2.1800000000000002,3.41,10,1.82
CBI,2022,1.37,50.63,4.58,-8.43,0.27,4.38,2.4500000000000002,44.27,5.89,0.76,-0.49,1.87,3.44,10,1.27
CBI,2021,1.27,49.27,-3.9,-17.829999999999998,-0.24,-4.95,2.23,47.49,6.15,0.85,-1.0900000000000001,1.83,3.92,10,-1.53
CBI,2020,1.27,46.4,-4.75,-20.190000000000001,-0.31,-6.07,2.14,45.54,6.61,1.02,-1.33,1.94,4.47,10,-1.81
CBI,2019,0.96,46.2,-24.91,-35.57,-1.7,-29.79,2.04,59.18,6.84,0.72,-2.4300000000000002,1.83,4.79,10,-20.190000000000001
Uco,2023,1.46,36.78,10.55,-3.66,0.61,8.11,2.44,39.630000000000003,5.86,0.83,-0.21,1.83,3.42,10,1.56
Uco,2022,1.83,39.42,6.2,-14.49,0.34,4.45,2.41,47.8,5.59,1.1499999999999999,-0.81,1.78,3.17,10,0.8
Uco,2021,2.2200000000000002,39.15,1.1499999999999999,-24.59,0.06,0.96,2.16,49.72,5.7,1.46,-1.4,1.49,3.53,10,0.17
Uco,2020,2.11,39.409999999999997,-16.100000000000001,-35.07,-1.03,-14.45,2.15,57.76,6.41,1.21,-2.25,1.32,4.25,10,-3.1
Uco,2019,1.23,43.45,-30.15,-40.71,-1.87,-37.75,1.87,64.03,6.21,0.65,-2.5299999999999998,1.32,4.34,10,-11.16
Union,2023,2.0499999999999998,35.25,10.44,-7.67,0.65,11.68,2.5499999999999998,40.85,6.3,1.1399999999999999,-0.48,1.71,3.74,10,12.34
Union,2022,1.89,36.53,7.7,-10.73,0.44,7.94,2.33,43.59,5.72,1.05,-0.61,1.55,3.38,10,7.73
Union,2021,1.85,36.32,4.22,-12.26,0.27,4.87,2.2999999999999998,41.34,6.41,1.05,-0.78,1.56,4.1100000000000003,10,4.54
Union,2020,1.7,35.58,-7.78,-21.91,-0.52,-9.4600000000000009,2.0699999999999998,46.11,6.76,0.95,-1.48,1.36,4.68,10,-12.49
Union,2019,1.54,36.090000000000003,-8.65,-21.78,-0.59,-12.15,2.06,45.76,6.89,0.9,-1.5,1.45,4.82,10,-25.08
Canara,2023,2.11,31.08,12.56,-9.66,0.78,16.03,2.33,38.369999999999997,6.27,1.39,-0.6,1.67,3.93,10,58.45
Canara,2022,1.92,33.94,8.18,-15.58,0.46,9.85,2.15,43.3,5.65,1.34,-0.88,1.61,3.5,10,32.49
Canara,2021,1.78,32.729999999999997,3.69,-18.38,0.22,5.05,2.08,43.52,6,1.32,-1.1000000000000001,1.67,3.91,10,16.91
Canara,2020,1.32,31.37,-4.5599999999999996,-20.53,-0.3,-6.78,1.81,40.83,6.76,1.07,-1.38,1.59,4.9400000000000004,10,-26.5
Canara,2019,1.56,29.18,0.74,-13.3,0.04,1.1599999999999999,2.08,38.78,6.73,0.94,-0.89,1.5,4.6500000000000004,10,4.71
BoI,2023,1.68,38.409999999999997,8.44,-6.45,0.49,7.72,2.48,42.65,5.84,0.87,-0.37,1.71,3.35,10,9.8000000000000007
BoI,2022,1.4,40.08,8.94,-11.75,0.46,7.06,1.91,40.33,5.18,1.07,-0.6,1.62,3.26,10,8.84
BoI,2021,1.53,36.68,5.32,-13,0.28999999999999998,5.47,1.96,40.69,5.59,1.02,-0.72,1.49,3.62,10,6.59
BoI,2020,1.8,36.51,-6.98,-22.83,-0.45,-7.88,2.3199999999999998,50.8,6.44,1.02,-1.47,1.59,4.12,10,-9.1
BoI,2019,1.32,35.9,-13.6,-26.19,-0.88,-15.66,2.1800000000000002,53.02,6.52,0.82,-1.7,1.71,4.33,10,-29.79
Indian Bank,2023,2.2000000000000002,41.98,11.75,-4.1399999999999997,0.74,12.61,2.84,42.4,6.32,1,-0.26,1.7,3.47,10,42.41
Indian Bank,2022,1.94,41.76,10.15,-7.64,0.57999999999999996,10.52,2.4900000000000002,43.03,5.78,1.02,-0.44,1.62,3.29,10,32.380000000000003
Indian Bank,2021,1.89,42.29,7.68,-7.86,0.47,11.88,2.5,41.47,6.24,0.97,-0.49,1.65,3.74,10,26.61
Indian Bank,2020,2.14,34.64,3.51,-11.95,0.24,3.94,2.4500000000000002,41.12,6.91,1.07,-0.82,1.42,4.45,10,14.33
Indian Bank,2019,1.78,34.700000000000003,1.67,-8.1300000000000008,0.11,1.97,2.5,40.72,6.85,0.67,-0.55000000000000004,1.43,4.34,10,6.7
Punjab Sind,2023,1.08,33.58,16.420000000000002,4.66,0.96,8.69,2.17,29.11,5.85,0.68,0.27,1.8,3.67,10,1.94
Punjab Sind,2022,1.1200000000000001,33.799999999999997,14.64,1.1200000000000001,0.85,7.41,2.1800000000000002,31.92,5.86,0.79,0.06,1.88,3.67,10,2.56
Punjab Sind,2021,0.71,32.799999999999997,-39.18,-52.13,-2.4700000000000002,-32.67,2.04,74.87,6.31,0.81,-3.29,2.16,4.26,10,-35.71
Punjab Sind,2020,1.1100000000000001,29.57,-12.49,-23.81,-0.98,-17.7,2.04,44.7,7.88,0.89,-1.87,1.84,5.84,10,-15.76
Punjab Sind,2019,1.3,26.79,-6.35,-16.02,-0.49,-9.5299999999999994,2.09,38.89,7.85,0.76,-1.25,1.57,5.76,10,-9.6199999999999992
Bank of Maharashtra,2023,2.34,53.38,16.36,2.02,0.97,18.399999999999999,2.89,40.81,5.93,0.85,0.12,1.46,3.04,10,3.87
Bank of Maharashtra,2022,2.16,57.85,8.84,-11.52,0.49,9.35,2.62,48.14,5.64,1.1499999999999999,-0.65,1.66,3.02,10,1.72
Bank of Maharashtra,2021,2.0699999999999998,53.98,4.63,-17.48,0.27,5.0199999999999996,2.4900000000000002,48.1,6.03,1.33,-1.05,1.81,3.54,10,0.88
Bank of Maharashtra,2020,1.73,50.29,3.38,-10.96,0.23,4.09,2.5299999999999998,42.14,6.8,0.97,-0.74,1.82,4.2699999999999996,10,0.67
Bank of Maharashtra,2019,1.4,49.64,-44.09,-58.35,-2.9,-109.56,2.2599999999999998,81.180000000000007,6.59,0.94,-3.84,1.87,4.32,10,-14.26
IOB,2023,1.93,43.74,10.81,-10.36,0.66,8.3000000000000007,2.63,43.66,6.18,1.3,-0.64,2.04,3.55,10,1.1499999999999999
IOB,2022,1.99,43.43,10.210000000000001,-19.079999999999998,0.56999999999999995,7.43,2.1,43.93,5.58,1.63,-1.06,1.82,3.48,10,0.92
IOB,2021,2.25,42.51,4.9000000000000004,-27.86,0.3,4.9000000000000004,2.15,47.17,6.19,2.02,-1.72,2.02,4.03,10,0.51
IOB,2020,1.44,40.25,-48.99,-68.290000000000006,-3.27,-52.78,2.0299999999999998,82.77,6.67,1.28,-4.55,1.96,4.6399999999999997,10,-7.99
IOB,2019,2.0499999999999998,38.29,-21.2,-45.05,-1.49,-22.84,2.11,60.55,7.05,1.68,-3.17,1.78,4.9400000000000004,10,-6.83
