Bank name,Year,ROCE (%),CASA (%),Net Profit Margin (%),Operating Profit Margin (%),Return on Assets (%),Return on Equity / Networth (%),Net Interest Margin (X),Cost to Income (%),Interest Income/Total Assets (%),Non-Interest Income/Total Assets (%),Operating Profit/Total Assets (%),Operating Expenses/Total Assets (%),Interest Expenses/Total Assets (%),Face_value,Basic EPS (Rs.)
Bank of Maharashtra,2023,2.34,53.38,16.36,2.02,0.97,18.4,2.89,40.81,5.93,0.85,0.12,1.46,3.04,10,3.87
BoB,2023,1.91,39.47,15.74,4.55,0.96,14.36,2.83,37.41,6.14,0.68,0.27,1.68,3.3,2,27.28
BoI,2023,1.68,38.41,8.44,-6.45,0.49,7.72,2.48,42.65,5.84,0.87,-0.37,1.71,3.35,10,9.8
CBI,2023,1.73,50.45,6.19,-9.79,0.38,6.21,2.87,47.89,6.28,1.0,-0.61,2.18,3.41,10,1.82
Canara,2023,2.11,31.08,12.56,-9.66,0.78,16.03,2.33,38.37,6.27,1.39,-0.6,1.67,3.93,10,58.45
IOB,2023,1.93,43.74,10.81,-10.36,0.66,8.3,2.63,43.66,6.18,1.3,-0.64,2.04,3.55,10,1.15
Indian Bank,2023,2.2,41.98,11.75,-4.14,0.74,12.61,2.84,42.4,6.32,1.0,-0.26,1.7,3.47,10,42.41
PNB,2023,1.57,41.99,2.94,-11.31,0.17,2.74,2.35,45.35,5.82,0.83,-0.65,1.64,3.46,2,2.28
Punjab Sind,2023,1.08,33.58,16.42,4.66,0.96,8.69,2.17,29.11,5.85,0.68,0.27,1.8,3.67,10,1.94
SBI,2023,1.59,42.66,15.12,4.1,0.91,16.75,2.62,35.58,6.01,0.66,0.24,1.77,3.39,1,56.29
Uco,2023,1.46,36.78,10.55,-3.66,0.61,8.11,2.44,39.63,5.86,0.83,-0.21,1.83,3.42,10,1.56
Union,2023,2.05,35.25,10.44,-7.67,0.65,11.68,2.55,40.85,6.3,1.14,-0.48,1.71,3.74,10,12.34
